id,name,model_id:id,group_id:id,perm_read,perm_write,perm_create,perm_unlink
,,,,,,,
access_chemist,chemist.prescription,model_medical_prescription_order,group_chemist,1,0,0,0
access_chemist_line,chemist.prescription.line,model_medical_prescription_line,group_chemist,1,0,0,0
,,,,,,,
access_medical_group_insurance,medical.group.medical_insurance,model_res_partner,group_medical_group,1,1,1,1
access_medical_procedure,medical.group.procedure,model_medical_procedure,group_medical_group,1,1,1,1
access_diseases_category,medical.group.diseases.category,model_medical_pathology_category,group_medical_group,1,1,1,1
access_diseases,medical.group.diseases,model_medical_pathology,group_medical_group,1,1,1,1
access_medical_medicament,medical.group.medicament,model_medical_medicament,group_medical_group,1,1,1,1
access_medical_medicament_img,medical.group.medicament,model_medical_imaging_test_result,group_medical_group,1,1,1,1
access_medical_medicament_img_d,medical.group.medicament.d,model_medical_imaging_test_result,group_doctor,1,1,1,1
access_medical_medicament_img1,medical.group.medicament1,model_medical_imaging_test_request,group_medical_group,1,1,1,1
access_medical_medicament_img_d1,medical.group.medicament.d.1,model_medical_imaging_test_request,group_doctor,1,1,1,1
access_vaccination,medical.group.vaccination,model_medical_vaccination,group_medical_group,1,1,1,1
access_operational_area,medical.group.operational.area,model_medical_operational_area,group_medical_group,1,1,1,1
access_operational_sector,medical.group.operational.sector,model_medical_operational_sector,group_medical_group,1,1,1,1
access_family_code,medical.group.family.code,model_medical_family_code,group_medical_group,1,1,1,1
access_family_code_doc,medical.group.family.code.doc,model_medical_family_code,group_doctor,1,1,1,1
access_medical_speciality,medical.group.speciality,model_medical_speciality,group_medical_group,1,1,1,1
access_medical_speciality_doc,medical.group.speciality.doc,model_medical_speciality,group_doctor,1,0,0,0
access_medical_diet_belief,access_medical_diet_belief,model_medical_diet_belief,,1,0,0,0
,,,,,,,
access_medical_patient_doctor,medical.group.patient.doctor,model_medical_patient,group_doctor,1,1,1,1
,,,,,,,
access_medical_patient_doctor_c,medical.group.patient.doctor.c,model_medical_patient,group_chemist,1,0,0,0
access_medical_patient_doctor_m,medical.group.patient.doctor.m,model_medical_patient,group_medical_group,1,0,0,0
access_medical_physician,medical.group.physician,model_medical_physician,group_medical_group,1,1,1,
access_medical_physician_doctor,medical.group.physician.doctor,model_medical_physician,group_doctor,1,1,1,
access_medical_ethnicity,medical.group.ethnicity,model_medical_ethnicity,group_medical_group,1,1,1,1
access_dose_unit,medical.group.dose.unit,model_medical_dose_unit,group_medical_group,1,1,1,1
access_medical_drug_route,medical.group.drug.route,model_medical_drug_route,group_medical_group,1,1,1,1
access_medical_drug_route_c,medical.group.drug.route.c,model_medical_drug_route,group_chemist,1,1,1,1
access_medical_patient_medication,medical.group.patient.medication,model_medical_patient_medication,group_medical_group,1,1,1,1
access_medical_patient_medication,medical.group.patient,model_medical_patient,group_medical_group,1,1,1,1
access_medical_evaluation,medical.group.evaluation,model_medical_patient_evaluation,group_medical_group,1,1,1,1
access_medical_evaluation_doc,medical.group.evaluation.doc,model_medical_patient_evaluation,group_doctor,1,1,1,1
access_patient_diseases,medical.group.patient.diseases,model_medical_patient_diseases,group_medical_group,1,1,1,1
access_medical_occupation,medical.group.occupation,model_medical_occupation,group_medical_group,1,1,1,1
access_hospital_building,medical.group.hospital.building,model_medical_hospital_building,group_medical_group,1,1,1,1
access_hospital_unit,medical.group.hospital.unit,model_medical_hospital_unit,group_medical_group,1,1,1,1
access_hospital_ward,medical.group.hospital.ward,model_medical_hospital_ward,group_medical_group,1,1,1,1
access_hospital_bed,medical.group.hospital.bed,model_medical_hospital_bed,group_medical_group,1,1,1,1
access_hospital_bed_doc,medical.group.hospital.bed.doc,model_medical_hospital_bed,group_doctor,1,0,0,0
access_medical_drug_form,medical.group.drug.form,model_medical_drug_form,group_medical_group,1,1,1,1
access_medical_drug_form_c,medical.group.drug.form.c,model_medical_drug_form,group_chemist,1,1,1,1
access_medical_medication_dosage,medical.group.medication.dosage,model_medical_medication_dosage,group_medical_group,1,1,1,1
access_medical_physician,medical.group.medical.physician,model_medical_physician,group_medical_group,1,1,1,1
access_doctor_medical_patient_disease,medical.doctor.group.medical.patient.disease,model_medical_patient_disease,group_doctor,1,1,1,1
,,,,,,,
,,,,,,,
access_medical_inpatient_registration,medical.group.medical.inpatient.registration,model_medical_inpatient_registration,group_medical_group,1,1,1,1
access_medical_lab,medical.group.medical.lab,model_medical_lab,group_medical_group,1,1,1,1
access_medical_lab_test_units,medical.group.medical.lab.test.units,model_medical_lab_test_units,group_medical_group,1,1,1,1
access_medical_lab_c,medical.group.medical.lab.c,model_medical_lab,group_chemist,1,1,1,1
access_medical_lab_test_units_c,medical.group.medical.lab.test.units.c,model_medical_lab_test_units,group_medical_group,1,1,1,0
access_medical_lab_test_critearea,medical.group.medical.lab.test.critearea,model_medical_test_critearea,group_medical_group,1,1,1,1
access_medical_test_type,medical.group.medical.test.type,model_medical_test_type,group_medical_group,1,1,1,1
access_medical_test_type_c,medical.group.medical.test.type.c,model_medical_test_type,group_chemist,1,1,1,0

access_medical_patient_lab_test,medical.group.patient.lab.test,model_medical_patient_lab_test,group_medical_group,1,1,1,1


access_medical_patient_lab_test_c,medical.group.patient.lab.test.c,model_medical_patient_lab_test,group_chemist,1,1,1,0


access_medical_drugs_recreational,medical.group.drugs.recreational,model_medical_drugs_recreational,group_medical_group,1,1,1,1
access_medical_surgery,medical.group.surgery,model_medical_surgery,group_medical_group,1,1,1,1
,,,,,,,
access_receptionist_appointment,medical.group.appointment,model_medical_appointment,group_receptionist,1,1,1,1
access_receptionist_medical_physician,medical.group.physician,model_medical_physician,group_receptionist,1,0,0,0

access_receptionist_medical_physician_c,medical.group.physician.c,model_medical_physician,group_chemist,1,0,0,0



access_receptionist_prescription,receptionist.prescription,model_medical_prescription_order,group_receptionist,1,0,0,0
access_receptionist_line,receptionist.prescription.line,model_medical_prescription_line,group_receptionist,1,0,0,0
access_receptionist_medical_patient_medication,receptionist.group.patient,model_medical_patient,group_receptionist,1,1,1,0
access_receptionist_speciality,receptionist.group.speciality,model_medical_speciality,group_receptionist,1,1,0,0
,,,,,,,
,,,,,,,
access_doctor_appointment,medical.doctor.group.appointment,model_medical_appointment,group_doctor,1,1,0,0
access_doctor_medical_inpatient_registration,medical.doctor.group.medical.inpatient.registration,model_medical_inpatient_registration,group_doctor,1,1,1,1
access_doctor_medical_prescription_order,medical.doctor.group.medical.prescription.order,model_medical_prescription_order,group_doctor,1,1,1,1

access_doctor_medical_prescription_order_m,medical.doctor.group.medical.prescription.order.m,model_medical_prescription_order,group_medical_group,1,1,1,0


access_doctor_medical_patient_disease,medical.doctor.group.medical.patient.disease,model_medical_patient_disease,group_doctor,1,1,1,1

access_doctor_medical_patient_disease_line,medical.doctor.group.medical.patient.disease.line,model_medical_prescription_line,group_doctor,1,1,1,1
access_doctor_medical_medicament,medical.doctor.group.medical.medicament,model_medical_medicament,group_doctor,1,1,0,0

access_doctor_medical_medicament_c,medical.doctor.group.medical.medicament.c,model_medical_medicament,group_chemist,1,1,1,1


access_doctor_medicament_category,medical.doctor.group.medicament.category,model_medicament_category,group_doctor,1,1,0,0

access_doctor_medicament_category_c,medical.doctor.group.medicament.category.c,model_medicament_category,group_chemist,1,1,1,1



access_doctor_medical_dose_unit,medical.doctor.group.medical_dose_unit,model_medical_dose_unit,group_doctor,1,1,0,0

access_doctor_medical_dose_unit_c,medical.doctor.group.medical_dose_unit.c,model_medical_dose_unit,group_chemist,1,1,0,0

access_sale_order,sale.order,sale.model_sale_order,group_doctor,1,1,1,0
access_sale_order_line,sale.order.line,sale.model_sale_order_line,group_doctor,1,1,1,1
access_sale_order_line_accountant,sale.order.line accountant,sale.model_sale_order_line,group_doctor,1,1,0,0
access_account_move_salesman,account_move salesman,account.model_account_move,group_doctor,1,1,1,0
access_account_move_manager,account_move manager,account.model_account_move,group_doctor,1,1,1,1
access_account_move_line_salesman,account_move.line salesman,account.model_account_move_line,group_doctor,1,1,1,0
access_account_payment_term_salesman,account_payment_term salesman,account.model_account_payment_term,group_doctor,1,0,0,0
access_account_analytic_tag_sale_salesman,account.analytic.tag.sale.salesman,analytic.model_account_analytic_tag,group_doctor,1,0,0,0
access_account_analytic_account_salesman,account_analytic_account salesman,analytic.model_account_analytic_account,group_doctor,1,1,1,0
access_sale_order_manager,sale.order.manager,sale.model_sale_order,group_doctor,1,1,1,1
access_sale_order_accountant,sale.order.accountant,sale.model_sale_order,group_doctor,1,1,0,0
access_sale_report_salesman,sale.report,sale.model_sale_report,group_doctor,1,1,1,0
access_sale_report_manager,sale.report,sale.model_sale_report,group_doctor,1,1,1,1
access_ir_property_sales,ir.property.sales,base.model_ir_property,group_doctor,1,1,1,1
access_sale_account_journal,account.journal sale order.user,account.model_account_journal,group_doctor,1,0,0,0
access_res_partner_sale_user,res.partner.sale.user,base.model_res_partner,group_doctor,1,0,0,0
access_res_partner_sale_manager,res.partner.sale.manager,base.model_res_partner,group_doctor,1,1,1,0
access_product_template_sale_user,product.template sale use,product.model_product_template,group_doctor,1,0,0,0
access_product_product_sale_user,product.product sale use,product.model_product_product,group_doctor,1,0,0,0
access_account_tax_user,account.tax.user,account.model_account_tax,group_doctor,1,0,0,0
access_ir_attachment_sales,ir.attachment.sales,base.model_ir_attachment,group_doctor,1,1,1,0
access_ir_attachment_manager,ir.attachment.manager,base.model_ir_attachment,group_doctor,1,1,1,1
access_product_uom_user,product.uom.user,uom.model_uom_uom,group_doctor,1,0,0,0
access_product_pricelist_sale_user,product.pricelist.sale.user,product.model_product_pricelist,group_doctor,1,0,0,0
access_account_account_salesman,account_account salesman,account.model_account_account,group_doctor,1,0,0,0
access_product_uom_categ_sale_manager,product.uom.categ salemanager,uom.model_uom_category,group_doctor,1,1,1,1
access_product_uom_sale_manager,uom.uom salemanager,uom.model_uom_uom,group_doctor,1,1,1,1
access_product_category_sale_manager,product.category salemanager,product.model_product_category,group_doctor,1,1,1,1
access_product_supplierinfo_user,product.supplierinfo.user,product.model_product_supplierinfo,group_doctor,1,0,0,0
access_product_supplierinfo_sale_manager,product.supplierinfo salemanager,product.model_product_supplierinfo,group_doctor,1,1,1,1
access_product_pricelist_sale_manager,product.pricelist salemanager,product.model_product_pricelist,group_doctor,1,1,1,1
access_product_group_res_partner_sale_manager,res_partner group_sale_manager,base.model_res_partner,group_doctor,1,1,1,0
access_account_move_line_salesman,account.move.line invoice,account.model_account_move_line,group_doctor,1,0,0,0
access_sale_order_invoicing_payments,sale.order,sale.model_sale_order,group_doctor,1,1,0,0
access_sale_order_line_invoicing_payments,sale.order.line,sale.model_sale_order_line,group_doctor,1,1,0,0
,,,,,,,
,,,,,,,
access_medical_diagnostic_hypotesis,access_medical_diagnostic_hypotesis,model_medical_diagnostic_hypotesis,,1,1,1,1
access_medical_diet_therapeutic,access_medical_diet_therapeutic,model_medical_diet_therapeutic,,1,1,1,1
access_medical_directions,access_medical_directions,model_medical_directions,,1,1,1,1
access_medical_family_disease,access_medical_family_disease,model_medical_family_disease,,1,1,1,1
access_medical_genetic_risk,access_medical_genetic_risk,model_medical_genetic_risk,,1,1,1,1
access_medical_health_service_line_doc,access_medical_health_service_line_doc,model_medical_health_service_line,group_doctor,1,0,0,0
access_medical_health_service_doc,access_medical_health_service_doc,model_medical_health_service,group_doctor,1,0,0,0
access_medical_health_service_line_medical,access_medical_health_service_line_medical,model_medical_health_service_line,group_medical_group,1,1,1,1
access_medical_health_service_medical,access_medical_health_service_medical,model_medical_health_service,group_medical_group,1,1,1,1
access_medical_hospital_oprating_room_doc,access_medical_hospital_oprating_room_doc,model_medical_hospital_oprating_room,group_doctor,1,1,0,0

access_medical_icu_apache2,access_medical_icu_apache2,model_medical_icu_apache2,group_medical_group,1,1,1,1
access_medical_icu_apache2_d,access_medical_icu_apache2_d,model_medical_icu_apache2,group_doctor,1,1,1,1
access_medical_icu_apache2_r,access_medical_icu_apache2_r,model_medical_icu_apache2,group_receptionist,1,0,0,0
access_medical_icu_apache2_c,access_medical_icu_apache2_c,model_medical_icu_apache2,group_chemist,1,0,0,0
access_medical_icu_ecg,access_medical_icu_ecg,model_medical_icu_ecg,group_doctor,1,1,1,1
access_medical_icu_ecg_m,access_medical_icu_ecg_m,model_medical_icu_ecg,group_medical_group,1,1,1,1
access_medical_icu_ecg_r,access_medical_icu_ecg_r,model_medical_icu_ecg,group_receptionist,1,0,0,0
access_medical_icu_ecg_c,access_medical_icu_ecg_c,model_medical_icu_ecg,group_chemist,1,0,0,0
access_medical_icu_glasgow,access_medical_icu_glasgow,model_medical_icu_glasgow,group_doctor,1,1,1,1
access_medical_icu_glasgow_m,access_medical_icu_glasgow_m,model_medical_icu_glasgow,group_medical_group,1,1,1,1
access_medical_icu_glasgow_c,access_medical_icu_glasgow_c,model_medical_icu_glasgow,group_chemist,1,0,0,0
access_medical_icu_glasgow_r,access_medical_icu_glasgow_r,model_medical_icu_glasgow,group_receptionist,1,0,0,0
access_medical_icu_ventilation,access_medical_icu_ventilation,model_medical_icu_ventilation,,1,1,1,1
access_medical_inpatient_diet,access_medical_inpatient_diet,model_medical_inpatient_diet,,1,1,1,1
access_medical_inpatient_icu,access_medical_inpatient_icu,model_medical_inpatient_icu,group_medical_group,1,1,1,1
access_medical_inpatient_icu_d,access_medical_inpatient_icu_d,model_medical_inpatient_icu,group_doctor,1,1,1,1
access_medical_inpatient_icu_rep,access_medical_inpatient_icu_rep,model_medical_inpatient_icu,group_receptionist,1,0,0,0
access_medical_inpatient_icu_c,access_medical_inpatient_icu_c,model_medical_inpatient_icu,group_chemist,1,0,0,0
access_medical_inpatient_medication_admin_time,access_medical_inpatient_medication_admin_time,model_medical_inpatient_medication_admin_time,,1,1,1,1
access_medical_inpatient_medication_log,access_medical_inpatient_medication_log,model_medical_inpatient_medication_log,,1,1,1,1
access_medical_inpatient_medication,access_medical_inpatient_medication,model_medical_inpatient_medication,,1,1,1,1
access_medical_insurance_plan,access_medical_insurance_plan,model_medical_insurance_plan,,1,1,1,1
access_medical_insurance,access_medical_insurance,model_medical_insurance,,1,1,1,1
access_medical_neomatal_apgar,access_medical_neomatal_apgar,model_medical_neomatal_apgar,,1,1,1,1
access_medical_operation,access_medical_operation,model_medical_operation,,1,1,1,1
access_medical_pathology_group_member,access_medical_pathology_group_member,model_medical_pathology_group_member,group_chemist,1,1,1,1
access_medical_pathology_group_member_r,access_medical_pathology_group_member_r,model_medical_pathology_group_member,group_receptionist,1,1,0,0
access_medical_pathology_group_member_c,access_medical_pathology_group_member_c,model_medical_pathology_group_member,group_doctor,1,1,0,0
access_medical_pathology_group_member_m,access_medical_pathology_group_member_m,model_medical_pathology_group_member,group_medical_group,1,1,1,0
access_medical_pathology_group,access_medical_pathology_group,model_medical_pathology_group,group_chemist,1,1,1,1
access_medical_pathology_group_r,access_medical_pathology_group_r,model_medical_pathology_group,group_receptionist,1,0,0,0
access_medical_pathology_group_d,access_medical_pathology_group_d,model_medical_pathology_group,group_doctor,1,1,1,1
access_medical_pathology_group_member_mm,access_medical_pathology_group_member_mm,model_medical_pathology_group,group_medical_group,1,1,1,1
access_medical_pathology_group_doc,access_medical_pathology_group_doc,model_medical_pathology,group_doctor,1,1,1,0
access_medical_patient_ambulatory_care_medical_supply,access_medical_patient_ambulatory_care_medical_supply,model_medical_patient_ambulatory_care_medical_supply,,1,1,1,1
access_medical_patient_ambulatory_care_medicament,access_medical_patient_ambulatory_care_medicament,model_medical_patient_ambulatory_care_medicament,,1,1,1,1
access_medical_patient_ambulatory_care_vaccine,access_medical_patient_ambulatory_care_vaccine,model_medical_patient_ambulatory_care_vaccine,,1,1,1,1
access_medical_patient_ambulatory_care,access_medical_patient_ambulatory_care,model_medical_patient_ambulatory_care,,1,1,1,1
access_medical_patient_cage,access_medical_patient_cage,model_medical_patient_cage,,1,1,1,1
access_medical_patient_colposcopy_history,access_medical_patient_colposcopy_history,model_medical_patient_colposcopy_history,,1,1,1,1
access_medical_patient_mammography_history,access_medical_patient_mammography_history,model_medical_patient_mammography_history,,1,1,1,1
access_medical_patient_medication1,access_medical_patient_medication1,model_medical_patient_medication1,,1,1,1,1
access_medical_patient_menstrual_history,access_medical_patient_menstrual_history,model_medical_patient_menstrual_history,,1,1,1,1
access_medical_patient_pap_history,access_medical_patient_pap_history,model_medical_patient_pap_history,,1,1,1,1
access_medical_patient_pregnency,access_medical_patient_pregnency,model_medical_patient_pregnency,,1,1,1,1
access_medical_patient_prental_evoultion,access_medical_patient_prental_evoultion,model_medical_patient_prental_evoultion,,1,1,1,1
access_medical_patient_psc,access_medical_patient_psc,model_medical_patient_psc,,1,1,1,1
access_medical_patient_rounding_medical_supply,access_medical_patient_rounding_medical_supply,model_medical_patient_rounding_medical_supply,,1,1,1,1
access_medical_patient_rounding_medicament,access_medical_patient_rounding_medicament,model_medical_patient_rounding_medicament,,1,1,1,1
access_medical_patient_rounding_vaccine,access_medical_patient_rounding_vaccine,model_medical_patient_rounding_vaccine,,1,1,1,1
access_medical_patient_rounding,access_medical_patient_rounding,model_medical_patient_rounding,,1,1,1,1
access_medical_pediatrics_growth_charts_who,access_medical_pediatrics_growth_charts_who,model_medical_pediatrics_growth_charts_who,,1,1,1,1
access_medical_perinatal_monitor,access_medical_perinatal_monitor,model_medical_perinatal_monitor,,1,1,1,1
access_medical_preinatal,access_medical_preinatal,model_medical_preinatal,,1,1,1,1
access_medical_puerperium_monitor,access_medical_puerperium_monitor,model_medical_puerperium_monitor,,1,1,1,1
access_medical_rcri,access_medical_rcri,model_medical_rcri,,1,1,1,1
access_medical_rounding_procedure,access_medical_rounding_procedure,model_medical_rounding_procedure,,1,1,1,1
access_medical_secondary_condition,access_medical_secondary_condition,model_medical_secondary_condition,,1,1,1,1
access_medical_signs_and_sympotoms,access_medical_signs_and_sympotoms,model_medical_signs_and_sympotoms,,1,1,1,1
access_psc_code,access_psc_code,model_psc_code,,1,1,1,1
access_bed_transfer,access_bed_transfer,model_bed_transfer,,1,1,1,1
access_medical_ambulatory_care_procedure,access_medical_ambulatory_care_procedure,model_medical_ambulatory_care_procedure,,1,1,1,1
access_medical_icu_chest_drainage,access_medical_icu_chest_drainage,model_medical_icu_chest_drainage,,1,1,1,1
access_medical_newborn,access_medical_newborn,model_medical_newborn,,1,1,1,1
access_medical_patient_medication,access_medical_patient_medication,model_medical_patient_medication,,1,1,1,1

access_medical_imaging_test,medical.imaging.test,model_medical_imaging_test,group_doctor,1,1,1,1
access_medical_imaging_test_type,medical.imaging.test.type,model_medical_imaging_test_type,group_doctor,1,1,1,1
access_medical_hospital_oprating_room,medical.hospital.oprating.room,model_medical_hospital_oprating_room,group_medical_group,1,1,1,1

access_medical_appointments_invoice_wizard,medical.appointments.invoice.wizard,model_medical_appointments_invoice_wizard,,1,1,1,1

access_create_prescription_invoice,create.prescription.invoice,model_create_prescription_invoice,,1,1,1,1


access_medical_lab_test_create,medical.lab.test.create,model_medical_lab_test_create,,1,1,1,1


access_medical_lab_test_invoice,medical.lab.test.invoice,model_medical_lab_test_invoice,,1,1,1,1

access_appointment_start_end_wizard,access_appointment_start_end_wizard,model_appointment_start_end_wizard,base.group_user,1,1,1,1
access_create_prescription_shipment,access_create_prescription_shipment,model_create_prescription_shipment,base.group_user,1,1,1,1
access_medical_bed_transfer_wizard,access_medical_bed_transfer_wizard,model_medical_bed_transfer_wizard,base.group_user,1,1,1,1
access_medical_health_service_invoice,access_medical_health_service_invoice,model_medical_health_service_invoice,base.group_user,1,1,1,1
access_medical_imaging_test_request_wizard,access_medical_imaging_test_request_wizard,model_medical_imaging_test_request_wizard,base.group_user,1,1,1,1
access_wizard_multiple_test_request,access_wizard_multiple_test_request,model_wizard_multiple_test_request,base.group_user,1,1,1,1


